{"cameraMode":{"drawMode":0,"name":"Shaded","section":"Shading Mode"},"sceneLighting":true,"audioPlay":false,"sceneViewState":{"m_AlwaysRefresh":false,"showFog":true,"showSkybox":true,"showFlares":true,"showImageEffects":true,"showParticleSystems":true,"showVisualEffectGraphs":true,"m_FxEnabled":true},"in2DMode":false,"pivot":{"x":5.820573806762695,"y":1.9443168640136719,"z":-1.2549762725830079},"rotation":{"x":0.19818612933158875,"y":0.3998948633670807,"z":-0.08900392055511475,"w":0.8904461860656738},"size":1.986893653869629,"orthographic":false}