{"cameraMode":{"drawMode":0,"name":"Shaded","section":"Shading Mode"},"sceneLighting":false,"audioPlay":false,"sceneViewState":{"m_AlwaysRefresh":false,"showFog":false,"showSkybox":false,"showFlares":false,"showImageEffects":false,"showParticleSystems":false,"showVisualEffectGraphs":true,"m_FxEnabled":true},"in2DMode":false,"pivot":{"x":-0.00006866455078125,"y":0.9234442114830017,"z":-0.009319005534052849},"rotation":{"x":0.016719374805688859,"y":0.9830079674720764,"z":-0.11703476309776306,"w":0.14043070375919343},"size":0.8023428916931152,"orthographic":false}